<?xml version="1.0" encoding="UTF-8"?>
<configuration debug="false">

    <statusListener class="ch.qos.logback.core.status.NopStatusListener" />

    <property name="APP_NAME" value="app-autodig" />
    <property name="LOG_DIR" value="logs" />

    <appender name="STDOUT" class="ch.qos.logback.core.ConsoleAppender">
        <encoder><pattern>[%d{yyyy-MM-dd'T'HH:mm:ss.SSSXXX}] [%-5level] %logger{50} %thread : %msg%n</pattern></encoder>
    </appender>

    <appender name="FILE" class="ch.qos.logback.core.rolling.RollingFileAppender">
        <file>${LOG_DIR}/${APP_NAME}.log</file>
        <encoder class="ch.qos.logback.classic.encoder.PatternLayoutEncoder">
            <Pattern>[%d{yyyy-MM-dd'T'HH:mm:ss.SSSXXX}] [%-5level] %logger{50} %thread : %msg%n</Pattern>
        </encoder>

        <rollingPolicy class="ch.qos.logback.core.rolling.TimeBasedRollingPolicy">
            <fileNamePattern>${LOG_DIR}/${APP_NAME}.%d{yyyy-MM-dd}.%i.log</fileNamePattern>
            <timeBasedFileNamingAndTriggeringPolicy class="ch.qos.logback.core.rolling.SizeAndTimeBasedFNATP">
                <maxFileSize>100MB</maxFileSize>
            </timeBasedFileNamingAndTriggeringPolicy>
            <maxHistory>30</maxHistory>
        </rollingPolicy>
    </appender>

    <logger name="app.autodig" level="DEBUG" additivity="false">
        <appender-ref ref="FILE" />
        <appender-ref ref="STDOUT" />
    </logger>

    <root level="INFO">
        <appender-ref ref="FILE" />
        <appender-ref ref="STDOUT" />
    </root>

</configuration>