<?xml version="1.0" encoding="UTF-8" ?>
<!DOCTYPE mapper PUBLIC "-//mybatis.org//DTD Mapper 3.0//EN" "http://mybatis.org/dtd/mybatis-3-mapper.dtd" >
<mapper namespace="app.autodig.mapper.TaskInstMapper">
    <resultMap id="taskInstMap" type="app.autodig.entity.TaskInst">
        <result column="instId" property="instId"/>
        <result column="taskId" property="taskId"/>
        <result column="domain" property="domain"/>
        <result column="monitorType" property="monitorType"/>
        <result column="nodeName" property="nodeName"/>
        <result column="nodeIp" property="nodeIp"/>
        <result column="value" property="value"/>
        <result column="errMsg" property="errMsg"/>
        <result column="recordTime" property="recordTime"/>
    </resultMap>

    <sql id="Base_Column_List">
        instId, taskId, domain, monitorType, nodeName, nodeIp, value, digStdOutput, digErrOutput, loggerStdOutput, loggerErrOutput,
        errMsg, recordTime
    </sql>

    <insert id="insertInst" parameterType="app.autodig.entity.TaskInst">
        insert into task_inst (<include refid="Base_Column_List"/>)
        values (#{instId}, #{taskId}, #{domain}, #{monitorType}, #{nodeName}, #{nodeIp}, #{value},
                #{digStdOutput}, #{digErrOutput}, #{loggerStdOutput}, #{loggerErrOutput}, #{errMsg}, #{recordTime})
    </insert>

</mapper>