<?xml version="1.0" encoding="UTF-8" ?>
<!DOCTYPE mapper PUBLIC "-//mybatis.org//DTD Mapper 3.0//EN" "http://mybatis.org/dtd/mybatis-3-mapper.dtd" >
<mapper namespace="app.autodig.mapper.TaskMapper">
    <resultMap id="taskMap" type="app.autodig.entity.Task">
        <result column="taskId" property="taskId"/>
        <result column="messageSN" property="messageSN"/>
        <result column="domain" property="domain"/>
        <result column="monitorType" property="monitorType"/>
        <result column="taskCycleType" property="taskCycleType"/>
        <result column="monitorLevel" property="monitorLevel"/>
        <result column="closeMark" property="closeMark"/>
        <result column="monitorStartTime" property="monitorStartTime"/>
        <result column="monitorEndTime" property="monitorEndTime"/>

        <result column="createTime" property="createTime"/>
        <result column="updateTime" property="updateTime"/>
    </resultMap>

    <sql id="Base_Column_List">
        taskId, messageSN, domain, monitorType, taskCycleType, monitorLevel, closeMark,
        monitorStartTime, monitorEndTime, createTime, updateTime
    </sql>

    <insert id="insertTask" parameterType="app.autodig.entity.Task">
        insert into task (taskId, messageSN, domain, monitorType, taskCycleType, monitorLevel,
          monitorStartTime, monitorEndTime, createTime, updateTime)
        values (#{taskId}, #{messageSN}, #{domain}, #{monitorType}, #{taskCycleType}, #{monitorLevel},
          #{monitorStartTime}, #{monitorEndTime}, CURRENT_TIMESTAMP, CURRENT_TIMESTAMP)
    </insert>

    <select id="countByDomainAndType" parameterType="map" resultType="java.lang.Integer">
        select count(1) from task
         where domain = #{domain} and monitorType = #{monitorType}
           and taskCycleType = #{taskCycleType} and closeMark = 0
    </select>

    <select id="selectById" parameterType="java.lang.String" resultMap="taskMap">
        select <include refid="Base_Column_List"/>
          from task
         where taskId = #{taskId}
    </select>

    <update id="updateTaskMonitorLevel" parameterType="map">
        update task
           set updateTime = CURRENT_TIMESTAMP
           <if test="monitorLevel != null">
               ,monitorLevel = #{monitorLevel}
           </if>
         where taskId = #{taskId}
    </update>

    <!--
    <update id="markClose" parameterType="map">
        update task set closeMark = 1, updateTime = CURRENT_TIMESTAMP
         where domain = #{domain} and monitorValue = #{monitorValue}
    </update>
    -->

    <update id="markCloseByTaskId" parameterType="java.lang.String">
        update task set closeMark = 1, updateTime = CURRENT_TIMESTAMP
         where taskId = #{taskId}
    </update>

    <select id="listOpenTask" resultMap="taskMap">
        select <include refid="Base_Column_List"/>
          from task
         where closeMark = 0
    </select>

</mapper>